"id","secondary_id","leg_idx","leg_type","from","to","enter","exit","category","train_nr","passengers"
1,1,1,"TRIP","9000021","9000002",1602310380,1602310500,"Bus",10021,3
1,1,2,"TRIP","9000002","9000001",1602310920,1602311100,"IC",3302,3
1,2,1,"TRIP","9000021","9000002",1602310380,1602310500,"Bus",10021,1
1,2,2,"TRIP","9000002","9000001",1602310920,1602311100,"IC",3302,1
1,3,1,"TRIP","9000021","9000002",1602310380,1602310500,"Bus",10021,3
1,3,2,"TRIP","9000002","9000001",1602310920,1602311100,"IC",3302,3
1,4,1,"TRIP","9000021","9000002",1602310380,1602310500,"Bus",10021,4
1,4,2,"TRIP","9000002","9000001",1602310920,1602311100,"IC",3302,4
1,5,1,"TRIP","9000021","9000002",1602310380,1602310500,"Bus",10021,1
1,5,2,"TRIP","9000002","9000001",1602310920,1602311100,"IC",3302,1
1,6,1,"TRIP","9000021","9000002",1602310380,1602310500,"Bus",10021,5
1,6,2,"TRIP","9000002","9000001",1602310920,1602311100,"IC",3302,5
1,7,1,"TRIP","9000021","9000002",1602310380,1602310500,"Bus",10021,2
1,7,2,"TRIP","9000002","9000001",1602310920,1602311100,"IC",3302,2
1,8,1,"TRIP","9000021","9000002",1602310380,1602310500,"Bus",10021,1
1,8,2,"TRIP","9000002","9000001",1602310920,1602311100,"IC",3302,1
1,9,1,"TRIP","9000021","9000002",1602310380,1602310500,"Bus",10021,1
1,9,2,"TRIP","9000002","9000001",1602310920,1602311100,"IC",3302,1
1,10,1,"TRIP","9000021","9000002",1602310380,1602310500,"Bus",10021,7
1,10,2,"TRIP","9000002","9000001",1602310920,1602311100,"IC",3302,7
1,11,1,"TRIP","9000021","9000002",1602310380,1602310500,"Bus",10021,6
1,11,2,"TRIP","9000002","9000001",1602310920,1602311100,"IC",3302,6
1,12,1,"TRIP","9000021","9000002",1602310380,1602310500,"Bus",10021,1
1,12,2,"TRIP","9000002","9000001",1602310920,1602311100,"IC",3302,1
1,13,1,"TRIP","9000021","9000002",1602310380,1602310500,"Bus",10021,5
1,13,2,"TRIP","9000002","9000001",1602310920,1602311100,"IC",3302,5
2,1,1,"TRIP","9000024","9000002",1602310320,1602310440,"Bus",10022,1
2,1,2,"TRIP","9000002","9000001",1602310920,1602311100,"IC",3302,1
2,1,3,"TRIP","9000001","9000032",1602311640,1602311820,"Bus",30028,1
2,2,1,"TRIP","9000024","9000002",1602310320,1602310440,"Bus",10022,1
2,2,2,"TRIP","9000002","9000001",1602310920,1602311100,"IC",3302,1
2,2,3,"TRIP","9000001","9000032",1602311640,1602311820,"Bus",30028,1
2,3,1,"TRIP","9000024","9000002",1602310320,1602310440,"Bus",10022,1
2,3,2,"TRIP","9000002","9000001",1602310920,1602311100,"IC",3302,1
2,3,3,"TRIP","9000001","9000032",1602311640,1602311820,"Bus",30028,1
2,4,1,"TRIP","9000024","9000002",1602310320,1602310440,"Bus",10022,3
2,4,2,"TRIP","9000002","9000001",1602310920,1602311100,"IC",3302,3
2,4,3,"TRIP","9000001","9000032",1602311640,1602311820,"Bus",30028,3
2,5,1,"TRIP","9000024","9000002",1602310320,1602310440,"Bus",10022,6
2,5,2,"TRIP","9000002","9000001",1602310920,1602311100,"IC",3302,6
2,5,3,"TRIP","9000001","9000032",1602311640,1602311820,"Bus",30028,6
2,6,1,"TRIP","9000024","9000002",1602310320,1602310440,"Bus",10022,1
2,6,2,"TRIP","9000002","9000001",1602310920,1602311100,"IC",3302,1
2,6,3,"TRIP","9000001","9000032",1602311640,1602311820,"Bus",30028,1
2,7,1,"TRIP","9000024","9000002",1602310320,1602310440,"Bus",10022,1
2,7,2,"TRIP","9000002","9000001",1602310920,1602311100,"IC",3302,1
2,7,3,"TRIP","9000001","9000032",1602311640,1602311820,"Bus",30028,1
2,8,1,"TRIP","9000024","9000002",1602310320,1602310440,"Bus",10022,1
2,8,2,"TRIP","9000002","9000001",1602310920,1602311100,"IC",3302,1
2,8,3,"TRIP","9000001","9000032",1602311640,1602311820,"Bus",30028,1
3,1,1,"TRIP","9000024","9000002",1602309720,1602309840,"Bus",10020,1
3,1,2,"TRIP","9000002","9000001",1602310140,1602310380,"ICE",5002,1
3,1,3,"TRIP","9000001","9000032",1602311040,1602311220,"Bus",30026,1
4,1,1,"TRIP","9000051","9000003",1602316920,1602317100,"Bus",40036,3
4,1,2,"TRIP","9000003","9000001",1602395400,1602395580,"IC",3101,3
4,1,3,"TRIP","9000001","9000028",1602396000,1602396720,"Bus",20019,3
5,1,1,"TRIP","9000036","9000001",1602309960,1602310260,"Bus",30019,5
5,1,2,"TRIP","9000001","9000006",1602310740,1602310920,"IC",3301,5
5,2,1,"TRIP","9000036","9000001",1602309960,1602310260,"Bus",30019,1
5,2,2,"TRIP","9000001","9000006",1602310740,1602310920,"IC",3301,1
5,3,1,"TRIP","9000036","9000001",1602309960,1602310260,"Bus",30019,1
5,3,2,"TRIP","9000001","9000006",1602310740,1602310920,"IC",3301,1
5,4,1,"TRIP","9000036","9000001",1602309960,1602310260,"Bus",30019,1
5,4,2,"TRIP","9000001","9000006",1602310740,1602310920,"IC",3301,1
5,5,1,"TRIP","9000036","9000001",1602309960,1602310260,"Bus",30019,1
5,5,2,"TRIP","9000001","9000006",1602310740,1602310920,"IC",3301,1
5,6,1,"TRIP","9000036","9000001",1602309960,1602310260,"Bus",30019,1
5,6,2,"TRIP","9000001","9000006",1602310740,1602310920,"IC",3301,1
6,1,1,"TRIP","9000036","9000001",1602312360,1602312660,"Bus",30027,1
6,1,2,"TRIP","9000001","9000006",1602313440,1602313620,"IC",3103,1
7,1,1,"TRIP","9000036","9000001",1602310560,1602310860,"Bus",30021,6
7,1,2,"TRIP","9000001","9000006",1602311700,1602312060,"ICE",5001,6
8,1,1,"TRIP","9000006","9000001",1602308880,1602309060,"IC",3102,1
9,1,1,"TRIP","9000024","9000002",1602309720,1602309840,"Bus",10020,2
9,1,2,"TRIP","9000002","9000001",1602310140,1602310380,"ICE",5002,2
9,1,3,"TRIP","9000001","9000051",1602311040,1602311700,"Bus",30026,2
9,2,1,"TRIP","9000024","9000002",1602309720,1602309840,"Bus",10020,1
9,2,2,"TRIP","9000002","9000001",1602310140,1602310380,"ICE",5002,1
9,2,3,"TRIP","9000001","9000051",1602311040,1602311700,"Bus",30026,1
9,3,1,"TRIP","9000024","9000002",1602309720,1602309840,"Bus",10020,1
9,3,2,"TRIP","9000002","9000001",1602310140,1602310380,"ICE",5002,1
9,3,3,"TRIP","9000001","9000051",1602311040,1602311700,"Bus",30026,1
9,4,1,"TRIP","9000024","9000002",1602309720,1602309840,"Bus",10020,2
9,4,2,"TRIP","9000002","9000001",1602310140,1602310380,"ICE",5002,2
9,4,3,"TRIP","9000001","9000051",1602311040,1602311700,"Bus",30026,2
9,5,1,"TRIP","9000024","9000002",1602309720,1602309840,"Bus",10020,1
9,5,2,"TRIP","9000002","9000001",1602310140,1602310380,"ICE",5002,1
9,5,3,"TRIP","9000001","9000051",1602311040,1602311700,"Bus",30026,1
9,6,1,"TRIP","9000024","9000002",1602309720,1602309840,"Bus",10020,1
9,6,2,"TRIP","9000002","9000001",1602310140,1602310380,"ICE",5002,1
9,6,3,"TRIP","9000001","9000051",1602311040,1602311700,"Bus",30026,1
9,7,1,"TRIP","9000024","9000002",1602309720,1602309840,"Bus",10020,2
9,7,2,"TRIP","9000002","9000001",1602310140,1602310380,"ICE",5002,2
9,7,3,"TRIP","9000001","9000051",1602311040,1602311700,"Bus",30026,2
9,8,1,"TRIP","9000024","9000002",1602309720,1602309840,"Bus",10020,1
9,8,2,"TRIP","9000002","9000001",1602310140,1602310380,"ICE",5002,1
9,8,3,"TRIP","9000001","9000051",1602311040,1602311700,"Bus",30026,1
9,9,1,"TRIP","9000024","9000002",1602309720,1602309840,"Bus",10020,1
9,9,2,"TRIP","9000002","9000001",1602310140,1602310380,"ICE",5002,1
9,9,3,"TRIP","9000001","9000051",1602311040,1602311700,"Bus",30026,1
9,10,1,"TRIP","9000024","9000002",1602309720,1602309840,"Bus",10020,1
9,10,2,"TRIP","9000002","9000001",1602310140,1602310380,"ICE",5002,1
9,10,3,"TRIP","9000001","9000051",1602311040,1602311700,"Bus",30026,1
9,11,1,"TRIP","9000024","9000002",1602309720,1602309840,"Bus",10020,1
9,11,2,"TRIP","9000002","9000001",1602310140,1602310380,"ICE",5002,1
9,11,3,"TRIP","9000001","9000051",1602311040,1602311700,"Bus",30026,1
9,12,1,"TRIP","9000024","9000002",1602309720,1602309840,"Bus",10020,5
9,12,2,"TRIP","9000002","9000001",1602310140,1602310380,"ICE",5002,5
9,12,3,"TRIP","9000001","9000051",1602311040,1602311700,"Bus",30026,5
9,13,1,"TRIP","9000024","9000002",1602309720,1602309840,"Bus",10020,1
9,13,2,"TRIP","9000002","9000001",1602310140,1602310380,"ICE",5002,1
9,13,3,"TRIP","9000001","9000051",1602311040,1602311700,"Bus",30026,1
9,14,1,"TRIP","9000024","9000002",1602309720,1602309840,"Bus",10020,2
9,14,2,"TRIP","9000002","9000001",1602310140,1602310380,"ICE",5002,2
9,14,3,"TRIP","9000001","9000051",1602311040,1602311700,"Bus",30026,2
9,15,1,"TRIP","9000024","9000002",1602309720,1602309840,"Bus",10020,1
9,15,2,"TRIP","9000002","9000001",1602310140,1602310380,"ICE",5002,1
9,15,3,"TRIP","9000001","9000051",1602311040,1602311700,"Bus",30026,1
9,16,1,"TRIP","9000024","9000002",1602309720,1602309840,"Bus",10020,1
9,16,2,"TRIP","9000002","9000001",1602310140,1602310380,"ICE",5002,1
9,16,3,"TRIP","9000001","9000051",1602311040,1602311700,"Bus",30026,1
9,17,1,"TRIP","9000024","9000002",1602309720,1602309840,"Bus",10020,1
9,17,2,"TRIP","9000002","9000001",1602310140,1602310380,"ICE",5002,1
9,17,3,"TRIP","9000001","9000051",1602311040,1602311700,"Bus",30026,1
10,1,1,"TRIP","9000006","9000001",1602310920,1602311100,"IC",3302,1
10,1,2,"TRIP","9000001","9000028",1602311400,1602312120,"Bus",20025,1
10,2,1,"TRIP","9000006","9000001",1602310920,1602311100,"IC",3302,2
10,2,2,"TRIP","9000001","9000028",1602311400,1602312120,"Bus",20025,2
10,3,1,"TRIP","9000006","9000001",1602310920,1602311100,"IC",3302,2
10,3,2,"TRIP","9000001","9000028",1602311400,1602312120,"Bus",20025,2
10,4,1,"TRIP","9000006","9000001",1602310920,1602311100,"IC",3302,6
10,4,2,"TRIP","9000001","9000028",1602311400,1602312120,"Bus",20025,6
10,5,1,"TRIP","9000006","9000001",1602310920,1602311100,"IC",3302,4
10,5,2,"TRIP","9000001","9000028",1602311400,1602312120,"Bus",20025,4
10,6,1,"TRIP","9000006","9000001",1602310920,1602311100,"IC",3302,4
10,6,2,"TRIP","9000001","9000028",1602311400,1602312120,"Bus",20025,4
10,7,1,"TRIP","9000006","9000001",1602310920,1602311100,"IC",3302,5
10,7,2,"TRIP","9000001","9000028",1602311400,1602312120,"Bus",20025,5
11,1,1,"TRIP","9000006","9000001",1602310140,1602310380,"ICE",5002,1
11,1,2,"TRIP","9000001","9000028",1602310800,1602311520,"Bus",20023,1
11,2,1,"TRIP","9000006","9000001",1602310140,1602310380,"ICE",5002,3
11,2,2,"TRIP","9000001","9000028",1602310800,1602311520,"Bus",20023,3
11,3,1,"TRIP","9000006","9000001",1602310140,1602310380,"ICE",5002,1
11,3,2,"TRIP","9000001","9000028",1602310800,1602311520,"Bus",20023,1
11,4,1,"TRIP","9000006","9000001",1602310140,1602310380,"ICE",5002,3
11,4,2,"TRIP","9000001","9000028",1602310800,1602311520,"Bus",20023,3
11,5,1,"TRIP","9000006","9000001",1602310140,1602310380,"ICE",5002,5
11,5,2,"TRIP","9000001","9000028",1602310800,1602311520,"Bus",20023,5
12,1,1,"TRIP","9000006","9000001",1602312480,1602312660,"IC",3104,3
12,1,2,"TRIP","9000001","9000028",1602313500,1602314220,"Bus",20031,3
12,2,1,"TRIP","9000006","9000001",1602312480,1602312660,"IC",3104,3
12,2,2,"TRIP","9000001","9000028",1602313500,1602314220,"Bus",20031,3
12,3,1,"TRIP","9000006","9000001",1602312480,1602312660,"IC",3104,2
12,3,2,"TRIP","9000001","9000028",1602313500,1602314220,"Bus",20031,2
12,4,1,"TRIP","9000006","9000001",1602312480,1602312660,"IC",3104,1
12,4,2,"TRIP","9000001","9000028",1602313500,1602314220,"Bus",20031,1
13,1,1,"TRIP","9000051","9000003",1602316920,1602317100,"Bus",40036,1
13,1,2,"TRIP","9000003","9000001",1602395400,1602395580,"IC",3101,1
13,1,3,"TRIP","9000001","9000002",1602396000,1602396180,"S-Bahn",1111,1
13,1,4,"TRIP","9000002","9000027",1602396480,1602396540,"Bus",40022,1
14,1,1,"TRIP","9000003","9000001",1602311340,1602311580,"ICE",5001,3
14,1,2,"TRIP","9000001","9000028",1602312000,1602312720,"Bus",20027,3
15,1,1,"TRIP","9000003","9000001",1602310080,1602310320,"IC",3301,3
15,1,2,"TRIP","9000001","9000028",1602310800,1602311520,"Bus",20023,3
16,1,1,"TRIP","9000046","9000001",1602311520,1602312660,"Bus",30027,3
16,1,2,"TRIP","9000001","9000006",1602313440,1602313620,"IC",3103,3
16,2,1,"TRIP","9000046","9000001",1602311520,1602312660,"Bus",30027,2
16,2,2,"TRIP","9000001","9000006",1602313440,1602313620,"IC",3103,2
16,3,1,"TRIP","9000046","9000001",1602311520,1602312660,"Bus",30027,1
16,3,2,"TRIP","9000001","9000006",1602313440,1602313620,"IC",3103,1
16,4,1,"TRIP","9000046","9000001",1602311520,1602312660,"Bus",30027,7
16,4,2,"TRIP","9000001","9000006",1602313440,1602313620,"IC",3103,7
16,5,1,"TRIP","9000046","9000001",1602311520,1602312660,"Bus",30027,1
16,5,2,"TRIP","9000001","9000006",1602313440,1602313620,"IC",3103,1
16,6,1,"TRIP","9000046","9000001",1602311520,1602312660,"Bus",30027,1
16,6,2,"TRIP","9000001","9000006",1602313440,1602313620,"IC",3103,1
16,7,1,"TRIP","9000046","9000001",1602311520,1602312660,"Bus",30027,1
16,7,2,"TRIP","9000001","9000006",1602313440,1602313620,"IC",3103,1
16,8,1,"TRIP","9000046","9000001",1602311520,1602312660,"Bus",30027,2
16,8,2,"TRIP","9000001","9000006",1602313440,1602313620,"IC",3103,2
16,9,1,"TRIP","9000046","9000001",1602311520,1602312660,"Bus",30027,2
16,9,2,"TRIP","9000001","9000006",1602313440,1602313620,"IC",3103,2
17,1,1,"TRIP","9000046","9000001",1602309720,1602310860,"Bus",30021,3
17,1,2,"TRIP","9000001","9000006",1602311700,1602312060,"ICE",5001,3
18,1,1,"TRIP","9000002","9000003",1602310140,1602310920,"ICE",5002,3
18,2,1,"TRIP","9000002","9000003",1602310140,1602310920,"ICE",5002,1
18,3,1,"TRIP","9000002","9000003",1602310140,1602310920,"ICE",5002,5
18,4,1,"TRIP","9000002","9000003",1602310140,1602310920,"ICE",5002,1
18,5,1,"TRIP","9000002","9000003",1602310140,1602310920,"ICE",5002,1
18,6,1,"TRIP","9000002","9000003",1602310140,1602310920,"ICE",5002,1
18,7,1,"TRIP","9000002","9000003",1602310140,1602310920,"ICE",5002,1
19,1,1,"TRIP","9000002","9000003",1602310920,1602311700,"IC",3302,1
20,1,1,"TRIP","9000006","9000001",1602310920,1602311100,"IC",3302,3
20,1,2,"TRIP","9000001","9000033",1602311400,1602311580,"Bus",20025,3
21,1,1,"TRIP","9000006","9000001",1602310140,1602310380,"ICE",5002,6
21,1,2,"TRIP","9000001","9000033",1602310800,1602310980,"Bus",20023,6
22,1,1,"TRIP","9000006","9000001",1602312480,1602312660,"IC",3104,7
22,1,2,"TRIP","9000001","9000033",1602313500,1602313680,"Bus",20031,7
23,1,1,"TRIP","9000006","9000002",1602308880,1602308880,"IC",3102,7
23,1,2,"TRIP","9000002","9000049",1602309180,1602310740,"Bus",40020,7
24,1,1,"TRIP","9000007","9000003",1602310020,1602310080,"IC",3301,1
24,1,2,"TRIP","9000003","9000026",1602310500,1602311340,"Bus",40023,1
24,2,1,"TRIP","9000007","9000003",1602310020,1602310080,"IC",3301,1
24,2,2,"TRIP","9000003","9000026",1602310500,1602311340,"Bus",40023,1
24,3,1,"TRIP","9000007","9000003",1602310020,1602310080,"IC",3301,1
24,3,2,"TRIP","9000003","9000026",1602310500,1602311340,"Bus",40023,1
24,4,1,"TRIP","9000007","9000003",1602310020,1602310080,"IC",3301,7
24,4,2,"TRIP","9000003","9000026",1602310500,1602311340,"Bus",40023,7
24,5,1,"TRIP","9000007","9000003",1602310020,1602310080,"IC",3301,1
24,5,2,"TRIP","9000003","9000026",1602310500,1602311340,"Bus",40023,1
24,6,1,"TRIP","9000007","9000003",1602310020,1602310080,"IC",3301,6
24,6,2,"TRIP","9000003","9000026",1602310500,1602311340,"Bus",40023,6
24,7,1,"TRIP","9000007","9000003",1602310020,1602310080,"IC",3301,3
24,7,2,"TRIP","9000003","9000026",1602310500,1602311340,"Bus",40023,3
24,8,1,"TRIP","9000007","9000003",1602310020,1602310080,"IC",3301,1
24,8,2,"TRIP","9000003","9000026",1602310500,1602311340,"Bus",40023,1
24,9,1,"TRIP","9000007","9000003",1602310020,1602310080,"IC",3301,1
24,9,2,"TRIP","9000003","9000026",1602310500,1602311340,"Bus",40023,1
25,1,1,"TRIP","9000002","9000001",1602308880,1602309060,"IC",3102,2
26,1,1,"TRIP","9000023","9000002",1602310380,1602310440,"Bus",10022,1
26,1,2,"TRIP","9000002","9000001",1602310920,1602311100,"IC",3302,1
26,1,3,"TRIP","9000001","9000032",1602311640,1602311820,"Bus",30028,1
26,2,1,"TRIP","9000023","9000002",1602310380,1602310440,"Bus",10022,1
26,2,2,"TRIP","9000002","9000001",1602310920,1602311100,"IC",3302,1
26,2,3,"TRIP","9000001","9000032",1602311640,1602311820,"Bus",30028,1
26,3,1,"TRIP","9000023","9000002",1602310380,1602310440,"Bus",10022,3
26,3,2,"TRIP","9000002","9000001",1602310920,1602311100,"IC",3302,3
26,3,3,"TRIP","9000001","9000032",1602311640,1602311820,"Bus",30028,3
26,4,1,"TRIP","9000023","9000002",1602310380,1602310440,"Bus",10022,2
26,4,2,"TRIP","9000002","9000001",1602310920,1602311100,"IC",3302,2
26,4,3,"TRIP","9000001","9000032",1602311640,1602311820,"Bus",30028,2
26,5,1,"TRIP","9000023","9000002",1602310380,1602310440,"Bus",10022,3
26,5,2,"TRIP","9000002","9000001",1602310920,1602311100,"IC",3302,3
26,5,3,"TRIP","9000001","9000032",1602311640,1602311820,"Bus",30028,3
27,1,1,"TRIP","9000023","9000002",1602309780,1602309840,"Bus",10020,1
27,1,2,"TRIP","9000002","9000001",1602310140,1602310380,"ICE",5002,1
27,1,3,"TRIP","9000001","9000032",1602311040,1602311220,"Bus",30026,1
28,1,1,"TRIP","9000041","9000001",1602311940,1602312660,"Bus",30027,3
28,1,2,"TRIP","9000001","9000006",1602313440,1602313620,"IC",3103,3
29,1,1,"TRIP","9000041","9000001",1602310140,1602310860,"Bus",30021,1
29,1,2,"TRIP","9000001","9000006",1602311700,1602312060,"ICE",5001,1
29,2,1,"TRIP","9000041","9000001",1602310140,1602310860,"Bus",30021,1
29,2,2,"TRIP","9000001","9000006",1602311700,1602312060,"ICE",5001,1
29,3,1,"TRIP","9000041","9000001",1602310140,1602310860,"Bus",30021,3
29,3,2,"TRIP","9000001","9000006",1602311700,1602312060,"ICE",5001,3
30,1,1,"TRIP","9000001","9000002",1602311700,1602311940,"ICE",5001,1
30,1,2,"TRIP","9000002","9000023",1602312300,1602312360,"Bus",10027,1
30,2,1,"TRIP","9000001","9000002",1602311700,1602311940,"ICE",5001,1
30,2,2,"TRIP","9000002","9000023",1602312300,1602312360,"Bus",10027,1
30,3,1,"TRIP","9000001","9000002",1602311700,1602311940,"ICE",5001,2
30,3,2,"TRIP","9000002","9000023",1602312300,1602312360,"Bus",10027,2
30,4,1,"TRIP","9000001","9000002",1602311700,1602311940,"ICE",5001,1
30,4,2,"TRIP","9000002","9000023",1602312300,1602312360,"Bus",10027,1
30,5,1,"TRIP","9000001","9000002",1602311700,1602311940,"ICE",5001,2
30,5,2,"TRIP","9000002","9000023",1602312300,1602312360,"Bus",10027,2
30,6,1,"TRIP","9000001","9000002",1602311700,1602311940,"ICE",5001,1
30,6,2,"TRIP","9000002","9000023",1602312300,1602312360,"Bus",10027,1
30,7,1,"TRIP","9000001","9000002",1602311700,1602311940,"ICE",5001,5
30,7,2,"TRIP","9000002","9000023",1602312300,1602312360,"Bus",10027,5
30,8,1,"TRIP","9000001","9000002",1602311700,1602311940,"ICE",5001,1
30,8,2,"TRIP","9000002","9000023",1602312300,1602312360,"Bus",10027,1
30,9,1,"TRIP","9000001","9000002",1602311700,1602311940,"ICE",5001,2
30,9,2,"TRIP","9000002","9000023",1602312300,1602312360,"Bus",10027,2
30,10,1,"TRIP","9000001","9000002",1602311700,1602311940,"ICE",5001,4
30,10,2,"TRIP","9000002","9000023",1602312300,1602312360,"Bus",10027,4
30,11,1,"TRIP","9000001","9000002",1602311700,1602311940,"ICE",5001,4
30,11,2,"TRIP","9000002","9000023",1602312300,1602312360,"Bus",10027,4
30,12,1,"TRIP","9000001","9000002",1602311700,1602311940,"ICE",5001,5
30,12,2,"TRIP","9000002","9000023",1602312300,1602312360,"Bus",10027,5
30,13,1,"TRIP","9000001","9000002",1602311700,1602311940,"ICE",5001,1
30,13,2,"TRIP","9000002","9000023",1602312300,1602312360,"Bus",10027,1
30,14,1,"TRIP","9000001","9000002",1602311700,1602311940,"ICE",5001,2
30,14,2,"TRIP","9000002","9000023",1602312300,1602312360,"Bus",10027,2
30,15,1,"TRIP","9000001","9000002",1602311700,1602311940,"ICE",5001,1
30,15,2,"TRIP","9000002","9000023",1602312300,1602312360,"Bus",10027,1
30,16,1,"TRIP","9000001","9000002",1602311700,1602311940,"ICE",5001,1
30,16,2,"TRIP","9000002","9000023",1602312300,1602312360,"Bus",10027,1
30,17,1,"TRIP","9000001","9000002",1602311700,1602311940,"ICE",5001,1
30,17,2,"TRIP","9000002","9000023",1602312300,1602312360,"Bus",10027,1
30,18,1,"TRIP","9000001","9000002",1602311700,1602311940,"ICE",5001,4
30,18,2,"TRIP","9000002","9000023",1602312300,1602312360,"Bus",10027,4
30,19,1,"TRIP","9000001","9000002",1602311700,1602311940,"ICE",5001,1
30,19,2,"TRIP","9000002","9000023",1602312300,1602312360,"Bus",10027,1
30,20,1,"TRIP","9000001","9000002",1602311700,1602311940,"ICE",5001,2
30,20,2,"TRIP","9000002","9000023",1602312300,1602312360,"Bus",10027,2
30,21,1,"TRIP","9000001","9000002",1602311700,1602311940,"ICE",5001,9
30,21,2,"TRIP","9000002","9000023",1602312300,1602312360,"Bus",10027,9
30,22,1,"TRIP","9000001","9000002",1602311700,1602311940,"ICE",5001,1
30,22,2,"TRIP","9000002","9000023",1602312300,1602312360,"Bus",10027,1
30,23,1,"TRIP","9000001","9000002",1602311700,1602311940,"ICE",5001,1
30,23,2,"TRIP","9000002","9000023",1602312300,1602312360,"Bus",10027,1
30,24,1,"TRIP","9000001","9000002",1602311700,1602311940,"ICE",5001,5
30,24,2,"TRIP","9000002","9000023",1602312300,1602312360,"Bus",10027,5
31,1,1,"TRIP","9000001","9000002",1602309780,1602309960,"IC",3101,2
31,1,2,"TRIP","9000002","9000023",1602310500,1602310560,"Bus",10021,2
32,1,1,"TRIP","9000025","9000002",1602316980,1602317160,"Bus",40039,1
32,1,2,"TRIP","9000002","9000001",1602395280,1602395460,"IC",3102,1
32,1,3,"TRIP","9000001","9000036",1602396240,1602396540,"Bus",30022,1
32,2,1,"TRIP","9000025","9000002",1602316980,1602317160,"Bus",40039,3
32,2,2,"TRIP","9000002","9000001",1602395280,1602395460,"IC",3102,3
32,2,3,"TRIP","9000001","9000036",1602396240,1602396540,"Bus",30022,3
32,3,1,"TRIP","9000025","9000002",1602316980,1602317160,"Bus",40039,4
32,3,2,"TRIP","9000002","9000001",1602395280,1602395460,"IC",3102,4
32,3,3,"TRIP","9000001","9000036",1602396240,1602396540,"Bus",30022,4
32,4,1,"TRIP","9000025","9000002",1602316980,1602317160,"Bus",40039,1
32,4,2,"TRIP","9000002","9000001",1602395280,1602395460,"IC",3102,1
32,4,3,"TRIP","9000001","9000036",1602396240,1602396540,"Bus",30022,1
32,5,1,"TRIP","9000025","9000002",1602316980,1602317160,"Bus",40039,1
32,5,2,"TRIP","9000002","9000001",1602395280,1602395460,"IC",3102,1
32,5,3,"TRIP","9000001","9000036",1602396240,1602396540,"Bus",30022,1
32,6,1,"TRIP","9000025","9000002",1602316980,1602317160,"Bus",40039,1
32,6,2,"TRIP","9000002","9000001",1602395280,1602395460,"IC",3102,1
32,6,3,"TRIP","9000001","9000036",1602396240,1602396540,"Bus",30022,1
32,7,1,"TRIP","9000025","9000002",1602316980,1602317160,"Bus",40039,1
32,7,2,"TRIP","9000002","9000001",1602395280,1602395460,"IC",3102,1
32,7,3,"TRIP","9000001","9000036",1602396240,1602396540,"Bus",30022,1
32,8,1,"TRIP","9000025","9000002",1602316980,1602317160,"Bus",40039,1
32,8,2,"TRIP","9000002","9000001",1602395280,1602395460,"IC",3102,1
32,8,3,"TRIP","9000001","9000036",1602396240,1602396540,"Bus",30022,1
32,9,1,"TRIP","9000025","9000002",1602316980,1602317160,"Bus",40039,1
32,9,2,"TRIP","9000002","9000001",1602395280,1602395460,"IC",3102,1
32,9,3,"TRIP","9000001","9000036",1602396240,1602396540,"Bus",30022,1
32,10,1,"TRIP","9000025","9000002",1602316980,1602317160,"Bus",40039,5
32,10,2,"TRIP","9000002","9000001",1602395280,1602395460,"IC",3102,5
32,10,3,"TRIP","9000001","9000036",1602396240,1602396540,"Bus",30022,5
33,1,1,"TRIP","9000032","9000001",1602310080,1602310260,"Bus",30019,1
33,1,2,"TRIP","9000001","9000002",1602310740,1602310860,"IC",3301,1
33,1,3,"TRIP","9000002","9000030",1602311640,1602312000,"Bus",10026,1
34,1,1,"TRIP","9000024","9000002",1602309720,1602309840,"Bus",10020,1
34,1,2,"TRIP","9000002","9000001",1602310140,1602310380,"ICE",5002,1
34,1,3,"TRIP","9000001","9000044",1602311040,1602312000,"Bus",30026,1
34,2,1,"TRIP","9000024","9000002",1602309720,1602309840,"Bus",10020,3
34,2,2,"TRIP","9000002","9000001",1602310140,1602310380,"ICE",5002,3
34,2,3,"TRIP","9000001","9000044",1602311040,1602312000,"Bus",30026,3
34,3,1,"TRIP","9000024","9000002",1602309720,1602309840,"Bus",10020,2
34,3,2,"TRIP","9000002","9000001",1602310140,1602310380,"ICE",5002,2
34,3,3,"TRIP","9000001","9000044",1602311040,1602312000,"Bus",30026,2
34,4,1,"TRIP","9000024","9000002",1602309720,1602309840,"Bus",10020,1
34,4,2,"TRIP","9000002","9000001",1602310140,1602310380,"ICE",5002,1
34,4,3,"TRIP","9000001","9000044",1602311040,1602312000,"Bus",30026,1
34,5,1,"TRIP","9000024","9000002",1602309720,1602309840,"Bus",10020,3
34,5,2,"TRIP","9000002","9000001",1602310140,1602310380,"ICE",5002,3
34,5,3,"TRIP","9000001","9000044",1602311040,1602312000,"Bus",30026,3
34,6,1,"TRIP","9000024","9000002",1602309720,1602309840,"Bus",10020,5
34,6,2,"TRIP","9000002","9000001",1602310140,1602310380,"ICE",5002,5
34,6,3,"TRIP","9000001","9000044",1602311040,1602312000,"Bus",30026,5
34,7,1,"TRIP","9000024","9000002",1602309720,1602309840,"Bus",10020,1
34,7,2,"TRIP","9000002","9000001",1602310140,1602310380,"ICE",5002,1
34,7,3,"TRIP","9000001","9000044",1602311040,1602312000,"Bus",30026,1
34,8,1,"TRIP","9000024","9000002",1602309720,1602309840,"Bus",10020,1
34,8,2,"TRIP","9000002","9000001",1602310140,1602310380,"ICE",5002,1
34,8,3,"TRIP","9000001","9000044",1602311040,1602312000,"Bus",30026,1
35,1,1,"TRIP","9000032","9000001",1602310080,1602310260,"Bus",30019,1
35,1,2,"TRIP","9000001","9000004",1602310740,1602311040,"ICE",5002,1
35,2,1,"TRIP","9000032","9000001",1602310080,1602310260,"Bus",30019,2
35,2,2,"TRIP","9000001","9000004",1602310740,1602311040,"ICE",5002,2
35,3,1,"TRIP","9000032","9000001",1602310080,1602310260,"Bus",30019,4
35,3,2,"TRIP","9000001","9000004",1602310740,1602311040,"ICE",5002,4
35,4,1,"TRIP","9000032","9000001",1602310080,1602310260,"Bus",30019,1
35,4,2,"TRIP","9000001","9000004",1602310740,1602311040,"ICE",5002,1
35,5,1,"TRIP","9000032","9000001",1602310080,1602310260,"Bus",30019,5
35,5,2,"TRIP","9000001","9000004",1602310740,1602311040,"ICE",5002,5
35,6,1,"TRIP","9000032","9000001",1602310080,1602310260,"Bus",30019,1
35,6,2,"TRIP","9000001","9000004",1602310740,1602311040,"ICE",5002,1
35,7,1,"TRIP","9000032","9000001",1602310080,1602310260,"Bus",30019,1
35,7,2,"TRIP","9000001","9000004",1602310740,1602311040,"ICE",5002,1
35,8,1,"TRIP","9000032","9000001",1602310080,1602310260,"Bus",30019,1
35,8,2,"TRIP","9000001","9000004",1602310740,1602311040,"ICE",5002,1
35,9,1,"TRIP","9000032","9000001",1602310080,1602310260,"Bus",30019,3
35,9,2,"TRIP","9000001","9000004",1602310740,1602311040,"ICE",5002,3
35,10,1,"TRIP","9000032","9000001",1602310080,1602310260,"Bus",30019,2
35,10,2,"TRIP","9000001","9000004",1602310740,1602311040,"ICE",5002,2
35,11,1,"TRIP","9000032","9000001",1602310080,1602310260,"Bus",30019,3
35,11,2,"TRIP","9000001","9000004",1602310740,1602311040,"ICE",5002,3
35,12,1,"TRIP","9000032","9000001",1602310080,1602310260,"Bus",30019,1
35,12,2,"TRIP","9000001","9000004",1602310740,1602311040,"ICE",5002,1
35,13,1,"TRIP","9000032","9000001",1602310080,1602310260,"Bus",30019,1
35,13,2,"TRIP","9000001","9000004",1602310740,1602311040,"ICE",5002,1
35,14,1,"TRIP","9000032","9000001",1602310080,1602310260,"Bus",30019,2
35,14,2,"TRIP","9000001","9000004",1602310740,1602311040,"ICE",5002,2
35,15,1,"TRIP","9000032","9000001",1602310080,1602310260,"Bus",30019,2
35,15,2,"TRIP","9000001","9000004",1602310740,1602311040,"ICE",5002,2
35,16,1,"TRIP","9000032","9000001",1602310080,1602310260,"Bus",30019,1
35,16,2,"TRIP","9000001","9000004",1602310740,1602311040,"ICE",5002,1
35,17,1,"TRIP","9000032","9000001",1602310080,1602310260,"Bus",30019,1
35,17,2,"TRIP","9000001","9000004",1602310740,1602311040,"ICE",5002,1
36,1,1,"TRIP","9000032","9000001",1602312480,1602312660,"Bus",30027,1
36,1,2,"TRIP","9000001","9000004",1602313380,1602313860,"IC",3104,1
36,2,1,"TRIP","9000032","9000001",1602312480,1602312660,"Bus",30027,4
36,2,2,"TRIP","9000001","9000004",1602313380,1602313860,"IC",3104,4
36,3,1,"TRIP","9000032","9000001",1602312480,1602312660,"Bus",30027,4
36,3,2,"TRIP","9000001","9000004",1602313380,1602313860,"IC",3104,4
36,4,1,"TRIP","9000032","9000001",1602312480,1602312660,"Bus",30027,1
36,4,2,"TRIP","9000001","9000004",1602313380,1602313860,"IC",3104,1
36,5,1,"TRIP","9000032","9000001",1602312480,1602312660,"Bus",30027,2
36,5,2,"TRIP","9000001","9000004",1602313380,1602313860,"IC",3104,2
36,6,1,"TRIP","9000032","9000001",1602312480,1602312660,"Bus",30027,1
36,6,2,"TRIP","9000001","9000004",1602313380,1602313860,"IC",3104,1
36,7,1,"TRIP","9000032","9000001",1602312480,1602312660,"Bus",30027,1
36,7,2,"TRIP","9000001","9000004",1602313380,1602313860,"IC",3104,1
36,8,1,"TRIP","9000032","9000001",1602312480,1602312660,"Bus",30027,2
36,8,2,"TRIP","9000001","9000004",1602313380,1602313860,"IC",3104,2
36,9,1,"TRIP","9000032","9000001",1602312480,1602312660,"Bus",30027,1
36,9,2,"TRIP","9000001","9000004",1602313380,1602313860,"IC",3104,1
36,10,1,"TRIP","9000032","9000001",1602312480,1602312660,"Bus",30027,1
36,10,2,"TRIP","9000001","9000004",1602313380,1602313860,"IC",3104,1
36,11,1,"TRIP","9000032","9000001",1602312480,1602312660,"Bus",30027,3
36,11,2,"TRIP","9000001","9000004",1602313380,1602313860,"IC",3104,3
36,12,1,"TRIP","9000032","9000001",1602312480,1602312660,"Bus",30027,1
36,12,2,"TRIP","9000001","9000004",1602313380,1602313860,"IC",3104,1
36,13,1,"TRIP","9000032","9000001",1602312480,1602312660,"Bus",30027,1
36,13,2,"TRIP","9000001","9000004",1602313380,1602313860,"IC",3104,1
37,1,1,"TRIP","9000001","9000003",1602313380,1602313560,"IC",3104,1
37,2,1,"TRIP","9000001","9000003",1602313380,1602313560,"IC",3104,1
37,3,1,"TRIP","9000001","9000003",1602313380,1602313560,"IC",3104,1
37,4,1,"TRIP","9000001","9000003",1602313380,1602313560,"IC",3104,1
37,5,1,"TRIP","9000001","9000003",1602313380,1602313560,"IC",3104,2
37,6,1,"TRIP","9000001","9000003",1602313380,1602313560,"IC",3104,1
37,7,1,"TRIP","9000001","9000003",1602313380,1602313560,"IC",3104,6
37,8,1,"TRIP","9000001","9000003",1602313380,1602313560,"IC",3104,1
37,9,1,"TRIP","9000001","9000003",1602313380,1602313560,"IC",3104,4
38,1,1,"TRIP","9000031","9000001",1602316320,1602316560,"Bus",30037,5
38,1,2,"TRIP","9000001","9000002",1602317040,1602317160,"IC",3105,5
38,1,3,"TRIP","9000002","9000025",1602395580,1602395760,"Bus",40020,5
38,2,1,"TRIP","9000031","9000001",1602316320,1602316560,"Bus",30037,1
38,2,2,"TRIP","9000001","9000002",1602317040,1602317160,"IC",3105,1
38,2,3,"TRIP","9000002","9000025",1602395580,1602395760,"Bus",40020,1
38,3,1,"TRIP","9000031","9000001",1602316320,1602316560,"Bus",30037,3
38,3,2,"TRIP","9000001","9000002",1602317040,1602317160,"IC",3105,3
38,3,3,"TRIP","9000002","9000025",1602395580,1602395760,"Bus",40020,3
38,4,1,"TRIP","9000031","9000001",1602316320,1602316560,"Bus",30037,3
38,4,2,"TRIP","9000001","9000002",1602317040,1602317160,"IC",3105,3
38,4,3,"TRIP","9000002","9000025",1602395580,1602395760,"Bus",40020,3
38,5,1,"TRIP","9000031","9000001",1602316320,1602316560,"Bus",30037,10
38,5,2,"TRIP","9000001","9000002",1602317040,1602317160,"IC",3105,10
38,5,3,"TRIP","9000002","9000025",1602395580,1602395760,"Bus",40020,10
39,1,1,"TRIP","9000028","9000001",1602315780,1602316500,"Bus",20038,1
39,1,2,"TRIP","9000001","9000006",1602317040,1602317220,"IC",3105,1
40,1,1,"TRIP","9000049","9000003",1602311700,1602312300,"Bus",40029,3
40,1,2,"TRIP","9000003","9000001",1602312600,1602312780,"IC",3103,3
40,2,1,"TRIP","9000049","9000003",1602311700,1602312300,"Bus",40029,1
40,2,2,"TRIP","9000003","9000001",1602312600,1602312780,"IC",3103,1
40,3,1,"TRIP","9000049","9000003",1602311700,1602312300,"Bus",40029,1
40,3,2,"TRIP","9000003","9000001",1602312600,1602312780,"IC",3103,1
40,4,1,"TRIP","9000049","9000003",1602311700,1602312300,"Bus",40029,1
40,4,2,"TRIP","9000003","9000001",1602312600,1602312780,"IC",3103,1
40,5,1,"TRIP","9000049","9000003",1602311700,1602312300,"Bus",40029,1
40,5,2,"TRIP","9000003","9000001",1602312600,1602312780,"IC",3103,1
40,6,1,"TRIP","9000049","9000003",1602311700,1602312300,"Bus",40029,2
40,6,2,"TRIP","9000003","9000001",1602312600,1602312780,"IC",3103,2
40,7,1,"TRIP","9000049","9000003",1602311700,1602312300,"Bus",40029,5
40,7,2,"TRIP","9000003","9000001",1602312600,1602312780,"IC",3103,5
40,8,1,"TRIP","9000049","9000003",1602311700,1602312300,"Bus",40029,1
40,8,2,"TRIP","9000003","9000001",1602312600,1602312780,"IC",3103,1
40,9,1,"TRIP","9000049","9000003",1602311700,1602312300,"Bus",40029,2
40,9,2,"TRIP","9000003","9000001",1602312600,1602312780,"IC",3103,2
40,10,1,"TRIP","9000049","9000003",1602311700,1602312300,"Bus",40029,1
40,10,2,"TRIP","9000003","9000001",1602312600,1602312780,"IC",3103,1
40,11,1,"TRIP","9000049","9000003",1602311700,1602312300,"Bus",40029,4
40,11,2,"TRIP","9000003","9000001",1602312600,1602312780,"IC",3103,4
40,12,1,"TRIP","9000049","9000003",1602311700,1602312300,"Bus",40029,5
40,12,2,"TRIP","9000003","9000001",1602312600,1602312780,"IC",3103,5
40,13,1,"TRIP","9000049","9000003",1602311700,1602312300,"Bus",40029,6
40,13,2,"TRIP","9000003","9000001",1602312600,1602312780,"IC",3103,6
40,14,1,"TRIP","9000049","9000003",1602311700,1602312300,"Bus",40029,1
40,14,2,"TRIP","9000003","9000001",1602312600,1602312780,"IC",3103,1
40,15,1,"TRIP","9000049","9000003",1602311700,1602312300,"Bus",40029,1
40,15,2,"TRIP","9000003","9000001",1602312600,1602312780,"IC",3103,1
40,16,1,"TRIP","9000049","9000003",1602311700,1602312300,"Bus",40029,1
40,16,2,"TRIP","9000003","9000001",1602312600,1602312780,"IC",3103,1
40,17,1,"TRIP","9000049","9000003",1602311700,1602312300,"Bus",40029,1
40,17,2,"TRIP","9000003","9000001",1602312600,1602312780,"IC",3103,1
40,18,1,"TRIP","9000049","9000003",1602311700,1602312300,"Bus",40029,1
40,18,2,"TRIP","9000003","9000001",1602312600,1602312780,"IC",3103,1
40,19,1,"TRIP","9000049","9000003",1602311700,1602312300,"Bus",40029,2
40,19,2,"TRIP","9000003","9000001",1602312600,1602312780,"IC",3103,2
40,20,1,"TRIP","9000049","9000003",1602311700,1602312300,"Bus",40029,1
40,20,2,"TRIP","9000003","9000001",1602312600,1602312780,"IC",3103,1
40,21,1,"TRIP","9000049","9000003",1602311700,1602312300,"Bus",40029,2
40,21,2,"TRIP","9000003","9000001",1602312600,1602312780,"IC",3103,2
41,1,1,"TRIP","9000002","9000001",1602316080,1602316260,"IC",3106,5
41,1,2,"TRIP","9000001","9000035",1602316740,1602316860,"Bus",30040,5
41,2,1,"TRIP","9000002","9000001",1602316080,1602316260,"IC",3106,6
41,2,2,"TRIP","9000001","9000035",1602316740,1602316860,"Bus",30040,6
42,1,1,"TRIP","9000020","9000003",1602316560,1602317100,"Bus",40036,5
42,1,2,"TRIP","9000003","9000004",1602317400,1602317460,"IC",3106,5
42,2,1,"TRIP","9000020","9000003",1602316560,1602317100,"Bus",40036,4
42,2,2,"TRIP","9000003","9000004",1602317400,1602317460,"IC",3106,4
42,3,1,"TRIP","9000020","9000003",1602316560,1602317100,"Bus",40036,3
42,3,2,"TRIP","9000003","9000004",1602317400,1602317460,"IC",3106,3
42,4,1,"TRIP","9000020","9000003",1602316560,1602317100,"Bus",40036,5
42,4,2,"TRIP","9000003","9000004",1602317400,1602317460,"IC",3106,5
42,5,1,"TRIP","9000020","9000003",1602316560,1602317100,"Bus",40036,1
42,5,2,"TRIP","9000003","9000004",1602317400,1602317460,"IC",3106,1
43,1,1,"TRIP","9000020","9000002",1602316680,1602317160,"Bus",40039,1
43,1,2,"TRIP","9000002","9000004",1602395280,1602396660,"IC",3102,1
43,2,1,"TRIP","9000020","9000002",1602316680,1602317160,"Bus",40039,1
43,2,2,"TRIP","9000002","9000004",1602395280,1602396660,"IC",3102,1
43,3,1,"TRIP","9000020","9000002",1602316680,1602317160,"Bus",40039,3
43,3,2,"TRIP","9000002","9000004",1602395280,1602396660,"IC",3102,3
43,4,1,"TRIP","9000020","9000002",1602316680,1602317160,"Bus",40039,1
43,4,2,"TRIP","9000002","9000004",1602395280,1602396660,"IC",3102,1
43,5,1,"TRIP","9000020","9000002",1602316680,1602317160,"Bus",40039,3
43,5,2,"TRIP","9000002","9000004",1602395280,1602396660,"IC",3102,3
43,6,1,"TRIP","9000020","9000002",1602316680,1602317160,"Bus",40039,3
43,6,2,"TRIP","9000002","9000004",1602395280,1602396660,"IC",3102,3
44,1,1,"TRIP","9000001","9000004",1602313380,1602313860,"IC",3104,8
45,1,1,"TRIP","9000039","9000003",1602316740,1602317100,"Bus",40036,4
45,1,2,"TRIP","9000003","9000001",1602395400,1602395580,"IC",3101,4
45,1,3,"TRIP","9000001","9000002",1602396000,1602396180,"S-Bahn",1111,4
45,1,4,"TRIP","9000002","9000027",1602396480,1602396540,"Bus",40022,4
46,1,1,"TRIP","9000038","9000002",1602316440,1602316500,"Bus",10037,2
46,1,2,"TRIP","9000002","9000003",1602395280,1602396360,"IC",3102,2
47,1,1,"TRIP","9000036","9000001",1602316260,1602316560,"Bus",30037,1
47,1,2,"TRIP","9000001","9000003",1602316980,1602317160,"IC",3106,1
48,1,1,"TRIP","9000021","9000002",1602310380,1602310500,"Bus",10021,6
48,1,2,"TRIP","9000002","9000006",1602310860,1602310920,"IC",3301,6
49,1,1,"TRIP","9000021","9000002",1602311460,1602311580,"Bus",40026,8
49,1,2,"TRIP","9000002","9000006",1602311940,1602312060,"ICE",5001,8
50,1,1,"TRIP","9000021","9000002",1602312780,1602312900,"Bus",10029,2
50,1,2,"TRIP","9000002","9000006",1602313560,1602313620,"IC",3103,2
51,1,1,"TRIP","9000032","9000001",1602317280,1602317460,"Bus",30039,3
51,1,2,"TRIP","9000001","9000003",1602396120,1602396360,"IC",3102,3
51,2,1,"TRIP","9000032","9000001",1602317280,1602317460,"Bus",30039,1
51,2,2,"TRIP","9000001","9000003",1602396120,1602396360,"IC",3102,1
51,3,1,"TRIP","9000032","9000001",1602317280,1602317460,"Bus",30039,4
51,3,2,"TRIP","9000001","9000003",1602396120,1602396360,"IC",3102,4
51,4,1,"TRIP","9000032","9000001",1602317280,1602317460,"Bus",30039,4
51,4,2,"TRIP","9000001","9000003",1602396120,1602396360,"IC",3102,4
51,5,1,"TRIP","9000032","9000001",1602317280,1602317460,"Bus",30039,3
51,5,2,"TRIP","9000001","9000003",1602396120,1602396360,"IC",3102,3
51,6,1,"TRIP","9000032","9000001",1602317280,1602317460,"Bus",30039,1
51,6,2,"TRIP","9000001","9000003",1602396120,1602396360,"IC",3102,1
51,7,1,"TRIP","9000032","9000001",1602317280,1602317460,"Bus",30039,1
51,7,2,"TRIP","9000001","9000003",1602396120,1602396360,"IC",3102,1
51,8,1,"TRIP","9000032","9000001",1602317280,1602317460,"Bus",30039,1
51,8,2,"TRIP","9000001","9000003",1602396120,1602396360,"IC",3102,1
51,9,1,"TRIP","9000032","9000001",1602317280,1602317460,"Bus",30039,10
51,9,2,"TRIP","9000001","9000003",1602396120,1602396360,"IC",3102,10
51,10,1,"TRIP","9000032","9000001",1602317280,1602317460,"Bus",30039,1
51,10,2,"TRIP","9000001","9000003",1602396120,1602396360,"IC",3102,1
51,11,1,"TRIP","9000032","9000001",1602317280,1602317460,"Bus",30039,2
51,11,2,"TRIP","9000001","9000003",1602396120,1602396360,"IC",3102,2
51,12,1,"TRIP","9000032","9000001",1602317280,1602317460,"Bus",30039,9
51,12,2,"TRIP","9000001","9000003",1602396120,1602396360,"IC",3102,9
51,13,1,"TRIP","9000032","9000001",1602317280,1602317460,"Bus",30039,2
51,13,2,"TRIP","9000001","9000003",1602396120,1602396360,"IC",3102,2
51,14,1,"TRIP","9000032","9000001",1602317280,1602317460,"Bus",30039,2
51,14,2,"TRIP","9000001","9000003",1602396120,1602396360,"IC",3102,2
51,15,1,"TRIP","9000032","9000001",1602317280,1602317460,"Bus",30039,1
51,15,2,"TRIP","9000001","9000003",1602396120,1602396360,"IC",3102,1
51,16,1,"TRIP","9000032","9000001",1602317280,1602317460,"Bus",30039,4
51,16,2,"TRIP","9000001","9000003",1602396120,1602396360,"IC",3102,4
52,1,1,"TRIP","9000004","9000001",1602308700,1602309180,"IC",3101,1
52,1,2,"TRIP","9000001","9000029",1602309600,1602310380,"Bus",20019,1
53,1,1,"TRIP","9000027","9000001",1602310440,1602311100,"Bus",20024,5
53,1,2,"TRIP","9000001","9000007",1602311520,1602311820,"IC",3302,5
54,1,1,"TRIP","9000035","9000001",1602316440,1602316560,"Bus",30037,1
54,1,2,"TRIP","9000001","9000002",1602317040,1602317160,"IC",3105,1
54,1,3,"TRIP","9000002","9000026",1602395580,1602395700,"Bus",40020,1
55,1,1,"TRIP","9000021","9000002",1602316380,1602316500,"Bus",10037,2
55,1,2,"TRIP","9000002","9000001",1602395280,1602395460,"IC",3102,2
55,1,3,"TRIP","9000001","9000031",1602396240,1602396480,"Bus",30022,2
56,1,1,"TRIP","9000004","9000003",1602308700,1602308820,"IC",3101,1
56,1,2,"TRIP","9000003","9000048",1602310200,1602310680,"Bus",40020,1
57,1,1,"TRIP","9000045","9000001",1602309840,1602310860,"Bus",30021,1
57,1,2,"TRIP","9000001","9000006",1602311700,1602312060,"ICE",5001,1
58,1,1,"TRIP","9000038","9000002",1602316440,1602316500,"Bus",10037,4
58,1,2,"TRIP","9000002","9000003",1602395280,1602396360,"IC",3102,4
59,1,1,"TRIP","9000038","9000002",1602316440,1602316500,"Bus",10037,1
59,1,2,"TRIP","9000002","9000001",1602395280,1602395460,"IC",3102,1
59,1,3,"TRIP","9000001","9000035",1602396240,1602396360,"Bus",30022,1
60,1,1,"TRIP","9000006","9000002",1602310920,1602310920,"IC",3302,4
60,1,2,"TRIP","9000002","9000027",1602311580,1602311640,"Bus",40026,4
60,2,1,"TRIP","9000006","9000002",1602310920,1602310920,"IC",3302,8
60,2,2,"TRIP","9000002","9000027",1602311580,1602311640,"Bus",40026,8
60,3,1,"TRIP","9000006","9000002",1602310920,1602310920,"IC",3302,1
60,3,2,"TRIP","9000002","9000027",1602311580,1602311640,"Bus",40026,1
60,4,1,"TRIP","9000006","9000002",1602310920,1602310920,"IC",3302,1
60,4,2,"TRIP","9000002","9000027",1602311580,1602311640,"Bus",40026,1
60,5,1,"TRIP","9000006","9000002",1602310920,1602310920,"IC",3302,1
60,5,2,"TRIP","9000002","9000027",1602311580,1602311640,"Bus",40026,1
60,6,1,"TRIP","9000006","9000002",1602310920,1602310920,"IC",3302,5
60,6,2,"TRIP","9000002","9000027",1602311580,1602311640,"Bus",40026,5
60,7,1,"TRIP","9000006","9000002",1602310920,1602310920,"IC",3302,1
60,7,2,"TRIP","9000002","9000027",1602311580,1602311640,"Bus",40026,1
60,8,1,"TRIP","9000006","9000002",1602310920,1602310920,"IC",3302,1
60,8,2,"TRIP","9000002","9000027",1602311580,1602311640,"Bus",40026,1
60,9,1,"TRIP","9000006","9000002",1602310920,1602310920,"IC",3302,1
60,9,2,"TRIP","9000002","9000027",1602311580,1602311640,"Bus",40026,1
61,1,1,"TRIP","9000006","9000002",1602312480,1602312480,"IC",3104,3
61,1,2,"TRIP","9000002","9000027",1602313380,1602313440,"Bus",40030,3
61,2,1,"TRIP","9000006","9000002",1602312480,1602312480,"IC",3104,1
61,2,2,"TRIP","9000002","9000027",1602313380,1602313440,"Bus",40030,1
61,3,1,"TRIP","9000006","9000002",1602312480,1602312480,"IC",3104,1
61,3,2,"TRIP","9000002","9000027",1602313380,1602313440,"Bus",40030,1
61,4,1,"TRIP","9000006","9000002",1602312480,1602312480,"IC",3104,3
61,4,2,"TRIP","9000002","9000027",1602313380,1602313440,"Bus",40030,3
61,5,1,"TRIP","9000006","9000002",1602312480,1602312480,"IC",3104,4
61,5,2,"TRIP","9000002","9000027",1602313380,1602313440,"Bus",40030,4
61,6,1,"TRIP","9000006","9000002",1602312480,1602312480,"IC",3104,1
61,6,2,"TRIP","9000002","9000027",1602313380,1602313440,"Bus",40030,1
61,7,1,"TRIP","9000006","9000002",1602312480,1602312480,"IC",3104,2
61,7,2,"TRIP","9000002","9000027",1602313380,1602313440,"Bus",40030,2
61,8,1,"TRIP","9000006","9000002",1602312480,1602312480,"IC",3104,2
61,8,2,"TRIP","9000002","9000027",1602313380,1602313440,"Bus",40030,2
61,9,1,"TRIP","9000006","9000002",1602312480,1602312480,"IC",3104,2
61,9,2,"TRIP","9000002","9000027",1602313380,1602313440,"Bus",40030,2
61,10,1,"TRIP","9000006","9000002",1602312480,1602312480,"IC",3104,5
61,10,2,"TRIP","9000002","9000027",1602313380,1602313440,"Bus",40030,5
61,11,1,"TRIP","9000006","9000002",1602312480,1602312480,"IC",3104,1
61,11,2,"TRIP","9000002","9000027",1602313380,1602313440,"Bus",40030,1
61,12,1,"TRIP","9000006","9000002",1602312480,1602312480,"IC",3104,3
61,12,2,"TRIP","9000002","9000027",1602313380,1602313440,"Bus",40030,3
61,13,1,"TRIP","9000006","9000002",1602312480,1602312480,"IC",3104,5
61,13,2,"TRIP","9000002","9000027",1602313380,1602313440,"Bus",40030,5
61,14,1,"TRIP","9000006","9000002",1602312480,1602312480,"IC",3104,2
61,14,2,"TRIP","9000002","9000027",1602313380,1602313440,"Bus",40030,2
61,15,1,"TRIP","9000006","9000002",1602312480,1602312480,"IC",3104,1
61,15,2,"TRIP","9000002","9000027",1602313380,1602313440,"Bus",40030,1
61,16,1,"TRIP","9000006","9000002",1602312480,1602312480,"IC",3104,1
61,16,2,"TRIP","9000002","9000027",1602313380,1602313440,"Bus",40030,1
61,17,1,"TRIP","9000006","9000002",1602312480,1602312480,"IC",3104,1
61,17,2,"TRIP","9000002","9000027",1602313380,1602313440,"Bus",40030,1
61,18,1,"TRIP","9000006","9000002",1602312480,1602312480,"IC",3104,2
61,18,2,"TRIP","9000002","9000027",1602313380,1602313440,"Bus",40030,2
61,19,1,"TRIP","9000006","9000002",1602312480,1602312480,"IC",3104,6
61,19,2,"TRIP","9000002","9000027",1602313380,1602313440,"Bus",40030,6
61,20,1,"TRIP","9000006","9000002",1602312480,1602312480,"IC",3104,1
61,20,2,"TRIP","9000002","9000027",1602313380,1602313440,"Bus",40030,1
61,21,1,"TRIP","9000006","9000002",1602312480,1602312480,"IC",3104,4
61,21,2,"TRIP","9000002","9000027",1602313380,1602313440,"Bus",40030,4
61,22,1,"TRIP","9000006","9000002",1602312480,1602312480,"IC",3104,1
61,22,2,"TRIP","9000002","9000027",1602313380,1602313440,"Bus",40030,1
62,1,1,"TRIP","9000006","9000001",1602308880,1602309060,"IC",3102,1
62,1,2,"TRIP","9000001","9000031",1602309840,1602310080,"Bus",30022,1
63,1,1,"TRIP","9000004","9000006",1602308700,1602310020,"IC",3101,4
63,2,1,"TRIP","9000004","9000006",1602308700,1602310020,"IC",3101,4
63,3,1,"TRIP","9000004","9000006",1602308700,1602310020,"IC",3101,5
63,4,1,"TRIP","9000004","9000006",1602308700,1602310020,"IC",3101,1
63,5,1,"TRIP","9000004","9000006",1602308700,1602310020,"IC",3101,1
63,6,1,"TRIP","9000004","9000006",1602308700,1602310020,"IC",3101,7
63,7,1,"TRIP","9000004","9000006",1602308700,1602310020,"IC",3101,1
63,8,1,"TRIP","9000004","9000006",1602308700,1602310020,"IC",3101,1
63,9,1,"TRIP","9000004","9000006",1602308700,1602310020,"IC",3101,2
63,10,1,"TRIP","9000004","9000006",1602308700,1602310020,"IC",3101,4
63,11,1,"TRIP","9000004","9000006",1602308700,1602310020,"IC",3101,3
63,12,1,"TRIP","9000004","9000006",1602308700,1602310020,"IC",3101,12
63,13,1,"TRIP","9000004","9000006",1602308700,1602310020,"IC",3101,3
63,14,1,"TRIP","9000004","9000006",1602308700,1602310020,"IC",3101,1
63,15,1,"TRIP","9000004","9000006",1602308700,1602310020,"IC",3101,2
63,16,1,"TRIP","9000004","9000006",1602308700,1602310020,"IC",3101,1
63,17,1,"TRIP","9000004","9000006",1602308700,1602310020,"IC",3101,2
63,18,1,"TRIP","9000004","9000006",1602308700,1602310020,"IC",3101,1
63,19,1,"TRIP","9000004","9000006",1602308700,1602310020,"IC",3101,1
63,20,1,"TRIP","9000004","9000006",1602308700,1602310020,"IC",3101,1
64,1,1,"TRIP","9000004","9000006",1602311340,1602312060,"ICE",5001,2
64,2,1,"TRIP","9000004","9000006",1602311340,1602312060,"ICE",5001,2
65,1,1,"TRIP","9000004","9000006",1602312300,1602313620,"IC",3103,5
66,1,1,"TRIP","9000044","9000003",1602314940,1602315300,"Bus",40037,1
66,1,2,"TRIP","9000003","9000001",1602316200,1602316380,"IC",3105,1
67,1,1,"TRIP","9000030","9000002",1602310140,1602310500,"Bus",10021,1
67,1,2,"TRIP","9000002","9000001",1602310920,1602311100,"IC",3302,1
67,1,3,"TRIP","9000001","9000036",1602311640,1602311940,"Bus",30028,1
68,1,1,"TRIP","9000003","9000001",1602316500,1602316740,"S-Bahn",1218,9
68,1,2,"TRIP","9000001","9000002",1602317040,1602317160,"IC",3105,9
68,1,3,"TRIP","9000002","9000021",1602396240,1602396360,"Bus",10020,9
69,1,1,"TRIP","9000026","9000003",1602316200,1602317100,"Bus",40036,5
69,1,2,"TRIP","9000003","9000004",1602317400,1602317460,"IC",3106,5
70,1,1,"TRIP","9000004","9000002",1602315900,1602317160,"IC",3105,3
70,1,2,"TRIP","9000002","9000030",1602396240,1602396600,"Bus",10020,3
71,1,1,"TRIP","9000033","9000003",1602316620,1602317100,"Bus",40036,1
71,1,2,"TRIP","9000003","9000004",1602317400,1602317460,"IC",3106,1
72,1,1,"TRIP","9000021","9000002",1602316380,1602316500,"Bus",10037,1
72,1,2,"TRIP","9000002","9000003",1602395280,1602396360,"IC",3102,1
73,1,1,"TRIP","9000003","9000001",1602309000,1602309180,"IC",3101,2
73,1,2,"TRIP","9000001","9000032",1602309840,1602310020,"Bus",30022,2
73,2,1,"TRIP","9000003","9000001",1602309000,1602309180,"IC",3101,8
73,2,2,"TRIP","9000001","9000032",1602309840,1602310020,"Bus",30022,8
73,3,1,"TRIP","9000003","9000001",1602309000,1602309180,"IC",3101,2
73,3,2,"TRIP","9000001","9000032",1602309840,1602310020,"Bus",30022,2
74,1,1,"TRIP","9000028","9000001",1602315780,1602316500,"Bus",20038,1
74,1,2,"TRIP","9000001","9000006",1602317040,1602317220,"IC",3105,1
75,1,1,"TRIP","9000033","9000001",1602310920,1602311100,"Bus",20024,6
75,1,2,"TRIP","9000001","9000003",1602311520,1602311700,"IC",3302,6
75,2,1,"TRIP","9000033","9000001",1602310920,1602311100,"Bus",20024,5
75,2,2,"TRIP","9000001","9000003",1602311520,1602311700,"IC",3302,5
76,1,1,"TRIP","9000033","9000002",1602316620,1602317160,"Bus",40039,5
76,1,2,"TRIP","9000002","9000001",1602395280,1602395460,"IC",3102,5
77,1,1,"TRIP","9000025","9000002",1602316980,1602317160,"Bus",40039,8
77,1,2,"TRIP","9000002","9000003",1602395280,1602396360,"IC",3102,8
78,1,1,"TRIP","9000034","9000002",1602310200,1602310500,"Bus",10021,1
78,1,2,"TRIP","9000002","9000001",1602310920,1602311100,"IC",3302,1
78,2,1,"TRIP","9000034","9000002",1602310200,1602310500,"Bus",10021,4
78,2,2,"TRIP","9000002","9000001",1602310920,1602311100,"IC",3302,4
79,1,1,"TRIP","9000023","9000002",1602315300,1602315360,"Bus",10036,1
79,1,2,"TRIP","9000002","9000004",1602316080,1602317460,"IC",3106,1
80,1,1,"TRIP","9000023","9000002",1602316200,1602316260,"Bus",10038,4
80,1,2,"TRIP","9000002","9000004",1602395280,1602396660,"IC",3102,4
80,2,1,"TRIP","9000023","9000002",1602316200,1602316260,"Bus",10038,1
80,2,2,"TRIP","9000002","9000004",1602395280,1602396660,"IC",3102,1
80,3,1,"TRIP","9000023","9000002",1602316200,1602316260,"Bus",10038,1
80,3,2,"TRIP","9000002","9000004",1602395280,1602396660,"IC",3102,1
80,4,1,"TRIP","9000023","9000002",1602316200,1602316260,"Bus",10038,1
80,4,2,"TRIP","9000002","9000004",1602395280,1602396660,"IC",3102,1
80,5,1,"TRIP","9000023","9000002",1602316200,1602316260,"Bus",10038,4
80,5,2,"TRIP","9000002","9000004",1602395280,1602396660,"IC",3102,4
80,6,1,"TRIP","9000023","9000002",1602316200,1602316260,"Bus",10038,4
80,6,2,"TRIP","9000002","9000004",1602395280,1602396660,"IC",3102,4
80,7,1,"TRIP","9000023","9000002",1602316200,1602316260,"Bus",10038,6
80,7,2,"TRIP","9000002","9000004",1602395280,1602396660,"IC",3102,6
80,8,1,"TRIP","9000023","9000002",1602316200,1602316260,"Bus",10038,6
80,8,2,"TRIP","9000002","9000004",1602395280,1602396660,"IC",3102,6
80,9,1,"TRIP","9000023","9000002",1602316200,1602316260,"Bus",10038,1
80,9,2,"TRIP","9000002","9000004",1602395280,1602396660,"IC",3102,1
80,10,1,"TRIP","9000023","9000002",1602316200,1602316260,"Bus",10038,1
80,10,2,"TRIP","9000002","9000004",1602395280,1602396660,"IC",3102,1
80,11,1,"TRIP","9000023","9000002",1602316200,1602316260,"Bus",10038,2
80,11,2,"TRIP","9000002","9000004",1602395280,1602396660,"IC",3102,2
80,12,1,"TRIP","9000023","9000002",1602316200,1602316260,"Bus",10038,1
80,12,2,"TRIP","9000002","9000004",1602395280,1602396660,"IC",3102,1
80,13,1,"TRIP","9000023","9000002",1602316200,1602316260,"Bus",10038,2
80,13,2,"TRIP","9000002","9000004",1602395280,1602396660,"IC",3102,2
80,14,1,"TRIP","9000023","9000002",1602316200,1602316260,"Bus",10038,1
80,14,2,"TRIP","9000002","9000004",1602395280,1602396660,"IC",3102,1
80,15,1,"TRIP","9000023","9000002",1602316200,1602316260,"Bus",10038,2
80,15,2,"TRIP","9000002","9000004",1602395280,1602396660,"IC",3102,2
80,16,1,"TRIP","9000023","9000002",1602316200,1602316260,"Bus",10038,1
80,16,2,"TRIP","9000002","9000004",1602395280,1602396660,"IC",3102,1
80,17,1,"TRIP","9000023","9000002",1602316200,1602316260,"Bus",10038,2
80,17,2,"TRIP","9000002","9000004",1602395280,1602396660,"IC",3102,2
80,18,1,"TRIP","9000023","9000002",1602316200,1602316260,"Bus",10038,1
80,18,2,"TRIP","9000002","9000004",1602395280,1602396660,"IC",3102,1
80,19,1,"TRIP","9000023","9000002",1602316200,1602316260,"Bus",10038,1
80,19,2,"TRIP","9000002","9000004",1602395280,1602396660,"IC",3102,1
81,1,1,"TRIP","9000026","9000002",1602317040,1602317160,"Bus",40039,4
81,1,2,"TRIP","9000002","9000001",1602395280,1602395460,"IC",3102,4
81,1,3,"TRIP","9000001","9000035",1602396240,1602396360,"Bus",30022,4
81,2,1,"TRIP","9000026","9000002",1602317040,1602317160,"Bus",40039,2
81,2,2,"TRIP","9000002","9000001",1602395280,1602395460,"IC",3102,2
81,2,3,"TRIP","9000001","9000035",1602396240,1602396360,"Bus",30022,2
81,3,1,"TRIP","9000026","9000002",1602317040,1602317160,"Bus",40039,4
81,3,2,"TRIP","9000002","9000001",1602395280,1602395460,"IC",3102,4
81,3,3,"TRIP","9000001","9000035",1602396240,1602396360,"Bus",30022,4
81,4,1,"TRIP","9000026","9000002",1602317040,1602317160,"Bus",40039,1
81,4,2,"TRIP","9000002","9000001",1602395280,1602395460,"IC",3102,1
81,4,3,"TRIP","9000001","9000035",1602396240,1602396360,"Bus",30022,1
81,5,1,"TRIP","9000026","9000002",1602317040,1602317160,"Bus",40039,1
81,5,2,"TRIP","9000002","9000001",1602395280,1602395460,"IC",3102,1
81,5,3,"TRIP","9000001","9000035",1602396240,1602396360,"Bus",30022,1
81,6,1,"TRIP","9000026","9000002",1602317040,1602317160,"Bus",40039,1
81,6,2,"TRIP","9000002","9000001",1602395280,1602395460,"IC",3102,1
81,6,3,"TRIP","9000001","9000035",1602396240,1602396360,"Bus",30022,1
81,7,1,"TRIP","9000026","9000002",1602317040,1602317160,"Bus",40039,1
81,7,2,"TRIP","9000002","9000001",1602395280,1602395460,"IC",3102,1
81,7,3,"TRIP","9000001","9000035",1602396240,1602396360,"Bus",30022,1
82,1,1,"TRIP","9000006","9000001",1602316080,1602316260,"IC",3106,3
82,1,2,"TRIP","9000001","9000035",1602316740,1602316860,"Bus",30040,3
82,2,1,"TRIP","9000006","9000001",1602316080,1602316260,"IC",3106,7
82,2,2,"TRIP","9000001","9000035",1602316740,1602316860,"Bus",30040,7
82,3,1,"TRIP","9000006","9000001",1602316080,1602316260,"IC",3106,1
82,3,2,"TRIP","9000001","9000035",1602316740,1602316860,"Bus",30040,1
82,4,1,"TRIP","9000006","9000001",1602316080,1602316260,"IC",3106,1
82,4,2,"TRIP","9000001","9000035",1602316740,1602316860,"Bus",30040,1
83,1,1,"TRIP","9000004","9000002",1602311340,1602311940,"ICE",5001,1
83,1,2,"TRIP","9000002","9000030",1602312240,1602312600,"Bus",10028,1
84,1,1,"TRIP","9000004","9000002",1602312300,1602313560,"IC",3103,1
84,1,2,"TRIP","9000002","9000030",1602314460,1602314820,"Bus",10034,1
85,1,1,"TRIP","9000003","9000001",1602309000,1602309180,"IC",3101,3
85,1,2,"TRIP","9000001","9000032",1602309840,1602310020,"Bus",30022,3
85,2,1,"TRIP","9000003","9000001",1602309000,1602309180,"IC",3101,2
85,2,2,"TRIP","9000001","9000032",1602309840,1602310020,"Bus",30022,2
85,3,1,"TRIP","9000003","9000001",1602309000,1602309180,"IC",3101,1
85,3,2,"TRIP","9000001","9000032",1602309840,1602310020,"Bus",30022,1
85,4,1,"TRIP","9000003","9000001",1602309000,1602309180,"IC",3101,10
85,4,2,"TRIP","9000001","9000032",1602309840,1602310020,"Bus",30022,10
85,5,1,"TRIP","9000003","9000001",1602309000,1602309180,"IC",3101,6
85,5,2,"TRIP","9000001","9000032",1602309840,1602310020,"Bus",30022,6
85,6,1,"TRIP","9000003","9000001",1602309000,1602309180,"IC",3101,2
85,6,2,"TRIP","9000001","9000032",1602309840,1602310020,"Bus",30022,2
85,7,1,"TRIP","9000003","9000001",1602309000,1602309180,"IC",3101,3
85,7,2,"TRIP","9000001","9000032",1602309840,1602310020,"Bus",30022,3
85,8,1,"TRIP","9000003","9000001",1602309000,1602309180,"IC",3101,1
85,8,2,"TRIP","9000001","9000032",1602309840,1602310020,"Bus",30022,1
86,1,1,"TRIP","9000021","9000003",1602315960,1602317100,"Bus",40036,1
86,1,2,"TRIP","9000003","9000004",1602317400,1602317460,"IC",3106,1
87,1,1,"TRIP","9000021","9000002",1602316380,1602316500,"Bus",10037,1
87,1,2,"TRIP","9000002","9000004",1602395280,1602396660,"IC",3102,1
88,1,1,"TRIP","9000006","9000002",1602310920,1602310920,"IC",3302,1
88,1,2,"TRIP","9000002","9000025",1602311580,1602311760,"Bus",40026,1
88,2,1,"TRIP","9000006","9000002",1602310920,1602310920,"IC",3302,3
88,2,2,"TRIP","9000002","9000025",1602311580,1602311760,"Bus",40026,3
88,3,1,"TRIP","9000006","9000002",1602310920,1602310920,"IC",3302,1
88,3,2,"TRIP","9000002","9000025",1602311580,1602311760,"Bus",40026,1
88,4,1,"TRIP","9000006","9000002",1602310920,1602310920,"IC",3302,5
88,4,2,"TRIP","9000002","9000025",1602311580,1602311760,"Bus",40026,5
88,5,1,"TRIP","9000006","9000002",1602310920,1602310920,"IC",3302,1
88,5,2,"TRIP","9000002","9000025",1602311580,1602311760,"Bus",40026,1
88,6,1,"TRIP","9000006","9000002",1602310920,1602310920,"IC",3302,1
88,6,2,"TRIP","9000002","9000025",1602311580,1602311760,"Bus",40026,1
88,7,1,"TRIP","9000006","9000002",1602310920,1602310920,"IC",3302,1
88,7,2,"TRIP","9000002","9000025",1602311580,1602311760,"Bus",40026,1
88,8,1,"TRIP","9000006","9000002",1602310920,1602310920,"IC",3302,1
88,8,2,"TRIP","9000002","9000025",1602311580,1602311760,"Bus",40026,1
88,9,1,"TRIP","9000006","9000002",1602310920,1602310920,"IC",3302,1
88,9,2,"TRIP","9000002","9000025",1602311580,1602311760,"Bus",40026,1
88,10,1,"TRIP","9000006","9000002",1602310920,1602310920,"IC",3302,5
88,10,2,"TRIP","9000002","9000025",1602311580,1602311760,"Bus",40026,5
88,11,1,"TRIP","9000006","9000002",1602310920,1602310920,"IC",3302,9
88,11,2,"TRIP","9000002","9000025",1602311580,1602311760,"Bus",40026,9
88,12,1,"TRIP","9000006","9000002",1602310920,1602310920,"IC",3302,1
88,12,2,"TRIP","9000002","9000025",1602311580,1602311760,"Bus",40026,1
89,1,1,"TRIP","9000006","9000002",1602312480,1602312480,"IC",3104,4
89,1,2,"TRIP","9000002","9000025",1602313380,1602313560,"Bus",40030,4
89,2,1,"TRIP","9000006","9000002",1602312480,1602312480,"IC",3104,1
89,2,2,"TRIP","9000002","9000025",1602313380,1602313560,"Bus",40030,1
89,3,1,"TRIP","9000006","9000002",1602312480,1602312480,"IC",3104,2
89,3,2,"TRIP","9000002","9000025",1602313380,1602313560,"Bus",40030,2
90,1,1,"TRIP","9000004","9000001",1602311340,1602311580,"ICE",5001,1
90,1,2,"TRIP","9000001","9000028",1602312000,1602312720,"Bus",20027,1
91,1,1,"TRIP","9000004","9000001",1602312300,1602312780,"IC",3103,4
91,1,2,"TRIP","9000001","9000028",1602313500,1602314220,"Bus",20031,4
91,2,1,"TRIP","9000004","9000001",1602312300,1602312780,"IC",3103,1
91,2,2,"TRIP","9000001","9000028",1602313500,1602314220,"Bus",20031,1
91,3,1,"TRIP","9000004","9000001",1602312300,1602312780,"IC",3103,1
91,3,2,"TRIP","9000001","9000028",1602313500,1602314220,"Bus",20031,1
91,4,1,"TRIP","9000004","9000001",1602312300,1602312780,"IC",3103,4
91,4,2,"TRIP","9000001","9000028",1602313500,1602314220,"Bus",20031,4
91,5,1,"TRIP","9000004","9000001",1602312300,1602312780,"IC",3103,5
91,5,2,"TRIP","9000001","9000028",1602313500,1602314220,"Bus",20031,5
91,6,1,"TRIP","9000004","9000001",1602312300,1602312780,"IC",3103,1
91,6,2,"TRIP","9000001","9000028",1602313500,1602314220,"Bus",20031,1
91,7,1,"TRIP","9000004","9000001",1602312300,1602312780,"IC",3103,5
91,7,2,"TRIP","9000001","9000028",1602313500,1602314220,"Bus",20031,5
91,8,1,"TRIP","9000004","9000001",1602312300,1602312780,"IC",3103,2
91,8,2,"TRIP","9000001","9000028",1602313500,1602314220,"Bus",20031,2
91,9,1,"TRIP","9000004","9000001",1602312300,1602312780,"IC",3103,2
91,9,2,"TRIP","9000001","9000028",1602313500,1602314220,"Bus",20031,2
91,10,1,"TRIP","9000004","9000001",1602312300,1602312780,"IC",3103,1
91,10,2,"TRIP","9000001","9000028",1602313500,1602314220,"Bus",20031,1
91,11,1,"TRIP","9000004","9000001",1602312300,1602312780,"IC",3103,5
91,11,2,"TRIP","9000001","9000028",1602313500,1602314220,"Bus",20031,5
91,12,1,"TRIP","9000004","9000001",1602312300,1602312780,"IC",3103,2
91,12,2,"TRIP","9000001","9000028",1602313500,1602314220,"Bus",20031,2
91,13,1,"TRIP","9000004","9000001",1602312300,1602312780,"IC",3103,7
91,13,2,"TRIP","9000001","9000028",1602313500,1602314220,"Bus",20031,7
92,1,1,"TRIP","9000031","9000001",1602316320,1602316560,"Bus",30037,1
92,1,2,"TRIP","9000001","9000002",1602317040,1602317160,"IC",3105,1
92,1,3,"TRIP","9000002","9000030",1602396240,1602396600,"Bus",10020,1
93,1,1,"TRIP","9000020","9000002",1602316680,1602317160,"Bus",40039,1
93,1,2,"TRIP","9000002","9000003",1602395280,1602396360,"IC",3102,1
93,2,1,"TRIP","9000020","9000002",1602316680,1602317160,"Bus",40039,4
93,2,2,"TRIP","9000002","9000003",1602395280,1602396360,"IC",3102,4
